{"0409 (2).JPG255312":{"filename":"0409 (2).JPG","size":255312,"regions":[{"shape_attributes":{"name":"rect","x":22,"y":127,"width":1126,"height":1373},"region_attributes":{"classname":"AUTO"}},{"shape_attributes":{"name":"rect","x":868,"y":1032,"width":224,"height":140},"region_attributes":{"classname":"KA01AF0409"}}],"file_attributes":{}},"4300.JPG294834":{"filename":"4300.JPG","size":294834,"regions":[{"shape_attributes":{"name":"rect","x":0,"y":432,"width":1508,"height":1686},"region_attributes":{"classname":"AUTO"}},{"shape_attributes":{"name":"rect","x":1227,"y":1158,"width":219,"height":178},"region_attributes":{"classname":"KA01AA4300"}}],"file_attributes":{}},"5912.JPG362344":{"filename":"5912.JPG","size":362344,"regions":[{"shape_attributes":{"name":"rect","x":68,"y":333,"width":1364,"height":1737},"region_attributes":{"classname":"AUTO"}},{"shape_attributes":{"name":"rect","x":1045,"y":1479,"width":278,"height":183},"region_attributes":{"classname":"KA05AF5912"}}],"file_attributes":{}},"5560.JPG909852":{"filename":"5560.JPG","size":909852,"regions":[{"shape_attributes":{"name":"rect","x":115,"y":418,"width":2322,"height":1663},"region_attributes":{"classname":"AUTO"}},{"shape_attributes":{"name":"rect","x":220,"y":1265,"width":272,"height":167},"region_attributes":{"classname":"KA01AG5560"}}],"file_attributes":{}},"6443.JPG197754":{"filename":"6443.JPG","size":197754,"regions":[{"shape_attributes":{"name":"rect","x":50,"y":69,"width":793,"height":1018},"region_attributes":{"classname":"AUTO"}},{"shape_attributes":{"name":"rect","x":614,"y":736,"width":141,"height":99},"region_attributes":{"classname":"KA05AE6443"}}],"file_attributes":{}},"3004.JPG546881":{"filename":"3004.JPG","size":546881,"regions":[{"shape_attributes":{"name":"rect","x":49,"y":19,"width":2163,"height":2767},"region_attributes":{"classname":"AUTO"}},{"shape_attributes":{"name":"rect","x":1676,"y":1803,"width":399,"height":292},"region_attributes":{"classname":"KA01AJ3004"}}],"file_attributes":{}},"1507.JPG249803":{"filename":"1507.JPG","size":249803,"regions":[{"shape_attributes":{"name":"rect","x":57,"y":143,"width":980,"height":1270},"region_attributes":{"classname":"AUTO"}},{"shape_attributes":{"name":"rect","x":813,"y":928,"width":171,"height":114},"region_attributes":{"classname":"KA05AC1507"}}],"file_attributes":{}},"3911.JPG665057":{"filename":"3911.JPG","size":665057,"regions":[{"shape_attributes":{"name":"rect","x":18,"y":61,"width":1987,"height":2284},"region_attributes":{"classname":"AUTO"}},{"shape_attributes":{"name":"rect","x":980,"y":1514,"width":341,"height":289},"region_attributes":{"classname":"KA05AC3911"}}],"file_attributes":{}},"2251.JPG385647":{"filename":"2251.JPG","size":385647,"regions":[{"shape_attributes":{"name":"rect","x":138,"y":335,"width":1457,"height":1909},"region_attributes":{"classname":"AUTO"}},{"shape_attributes":{"name":"rect","x":1159,"y":1567,"width":270,"height":226},"region_attributes":{"classname":"KA05B2251"}}],"file_attributes":{}},"5952.JPG477340":{"filename":"5952.JPG","size":477340,"regions":[{"shape_attributes":{"name":"rect","x":54,"y":98,"width":1174,"height":1218},"region_attributes":{"classname":"AUTO"}},{"shape_attributes":{"name":"rect","x":805,"y":1011,"width":245,"height":130},"region_attributes":{"classname":"KA05AB5952"}}],"file_attributes":{}},"7899.JPG410540":{"filename":"7899.JPG","size":410540,"regions":[{"shape_attributes":{"name":"rect","x":78,"y":96,"width":1288,"height":1655},"region_attributes":{"classname":"AUTO"}},{"shape_attributes":{"name":"rect","x":848,"y":752,"width":253,"height":150},"region_attributes":{"classname":"KA05AH7899"}}],"file_attributes":{}},"2069.JPG562113":{"filename":"2069.JPG","size":562113,"regions":[{"shape_attributes":{"name":"rect","x":538,"y":93,"width":1604,"height":2206},"region_attributes":{"classname":"AUTO"}},{"shape_attributes":{"name":"rect","x":945,"y":890,"width":343,"height":213},"region_attributes":{"classname":"KA01AK2069"}}],"file_attributes":{}},"2846.JPG466693":{"filename":"2846.JPG","size":466693,"regions":[{"shape_attributes":{"name":"rect","x":8,"y":0,"width":1663,"height":2347},"region_attributes":{"classname":"AUTO"}},{"shape_attributes":{"name":"rect","x":1252,"y":1515,"width":354,"height":231},"region_attributes":{"classname":"KA05AE2846"}}],"file_attributes":{}},"4539.JPG491547":{"filename":"4539.JPG","size":491547,"regions":[{"shape_attributes":{"name":"rect","x":180,"y":69,"width":1747,"height":1918},"region_attributes":{"classname":"AUTO"}},{"shape_attributes":{"name":"rect","x":1079,"y":1310,"width":334,"height":223},"region_attributes":{"classname":"KA05AG4539"}}],"file_attributes":{}},"7335.JPG808641":{"filename":"7335.JPG","size":808641,"regions":[{"shape_attributes":{"name":"rect","x":10,"y":10,"width":1824,"height":2104},"region_attributes":{"classname":"AUTO"}},{"shape_attributes":{"name":"rect","x":1052,"y":830,"width":425,"height":241},"region_attributes":{"classname":"KA03D.7335"}}],"file_attributes":{}},"6796.JPG770279":{"filename":"6796.JPG","size":770279,"regions":[{"shape_attributes":{"name":"rect","x":9,"y":476,"width":1446,"height":1539},"region_attributes":{"classname":"AUTO"}},{"shape_attributes":{"name":"rect","x":808,"y":1284,"width":289,"height":179},"region_attributes":{"classname":"KA02AG6796"}}],"file_attributes":{}},"6885.JPG953458":{"filename":"6885.JPG","size":953458,"regions":[{"shape_attributes":{"name":"rect","x":9,"y":420,"width":1811,"height":2193},"region_attributes":{"classname":"AUTO"}},{"shape_attributes":{"name":"rect","x":1251,"y":1391,"width":308,"height":233},"region_attributes":{"classname":"KA01AH6885"}}],"file_attributes":{}},"2729.JPG698860":{"filename":"2729.JPG","size":698860,"regions":[{"shape_attributes":{"name":"rect","x":65,"y":491,"width":1890,"height":2233},"region_attributes":{"classname":"AUTO"}},{"shape_attributes":{"name":"rect","x":1325,"y":1936,"width":343,"height":232},"region_attributes":{"classname":"KA01AD2729"}}],"file_attributes":{}},"3589.JPG722551":{"filename":"3589.JPG","size":722551,"regions":[{"shape_attributes":{"name":"rect","x":10,"y":439,"width":1685,"height":2726},"region_attributes":{"classname":"AUTO"}},{"shape_attributes":{"name":"rect","x":613,"y":1725,"width":490,"height":316},"region_attributes":{"classname":"KA05AH3589"}}],"file_attributes":{}},"3325_1.JPG764985":{"filename":"3325_1.JPG","size":764985,"regions":[{"shape_attributes":{"name":"rect","x":21,"y":21,"width":2351,"height":3166},"region_attributes":{"classname":"AUTO"}},{"shape_attributes":{"name":"rect","x":835,"y":2423,"width":485,"height":412},"region_attributes":{"classname":"KA41A3325"}}],"file_attributes":{}},"0493_1.JPG892756":{"filename":"0493_1.JPG","size":892756,"regions":[{"shape_attributes":{"name":"rect","x":575,"y":1221,"width":1181,"height":1413},"region_attributes":{"classname":"AUTO"}},{"shape_attributes":{"name":"rect","x":1362,"y":2089,"width":252,"height":212},"region_attributes":{"classname":"KA05AG0493"}}],"file_attributes":{}},"7453_1.JPG1021926":{"filename":"7453_1.JPG","size":1021926,"regions":[{"shape_attributes":{"name":"rect","x":556,"y":967,"width":1070,"height":1338},"region_attributes":{"classname":"AUTO"}},{"shape_attributes":{"name":"rect","x":1297,"y":1811,"width":226,"height":196},"region_attributes":{"classname":"KA05AE7453"}}],"file_attributes":{}},"9681.JPG988404":{"filename":"9681.JPG","size":988404,"regions":[{"shape_attributes":{"name":"rect","x":357,"y":817,"width":1736,"height":1787},"region_attributes":{"classname":"AUTO"}},{"shape_attributes":{"name":"rect","x":1164,"y":2062,"width":337,"height":235},"region_attributes":{"classname":"KA01AJ9681"}}],"file_attributes":{}},"2803.JPG764457":{"filename":"2803.JPG","size":764457,"regions":[],"file_attributes":{}},"1578.JPG838384":{"filename":"1578.JPG","size":838384,"regions":[{"shape_attributes":{"name":"rect","x":347,"y":551,"width":1948,"height":2406},"region_attributes":{"classname":"AUTO"}},{"shape_attributes":{"name":"rect","x":1835,"y":2121,"width":387,"height":224},"region_attributes":{"classname":"KA01AK1578"}}],"file_attributes":{}}}